Date,Close
03/01/2006,346
04/01/2006,346.25
05/01/2006,339.75
06/01/2006,330.75
09/01/2006,326.5
10/01/2006,329.25
11/01/2006,330.5
12/01/2006,333.25
13/01/2006,334.75
17/01/2006,328.75
18/01/2006,322.5
19/01/2006,326.5
20/01/2006,326.5
23/01/2006,326
24/01/2006,332.5
25/01/2006,342
26/01/2006,344.5
27/01/2006,343.5
30/01/2006,345.25
31/01/2006,343.25
01/02/2006,339.25
02/02/2006,347.25
03/02/2006,356.5
06/02/2006,355
07/02/2006,351.75
08/02/2006,356.75
09/02/2006,363.25
10/02/2006,355.25
13/02/2006,348
14/02/2006,347.25
15/02/2006,352
16/02/2006,359
17/02/2006,368
21/02/2006,372.5
22/02/2006,365.5
23/02/2006,366.25
24/02/2006,368.25
27/02/2006,373.25
28/02/2006,370.25
01/03/2006,362.75
02/03/2006,369
03/03/2006,373.5
06/03/2006,370
07/03/2006,370.5
08/03/2006,376
09/03/2006,370.75
10/03/2006,374.5
13/03/2006,360
14/03/2006,352
15/03/2006,362
16/03/2006,352.75
17/03/2006,357.5
20/03/2006,350.25
21/03/2006,352.5
22/03/2006,349.25
23/03/2006,344
24/03/2006,342.5
27/03/2006,339.75
28/03/2006,341.25
29/03/2006,341.75
30/03/2006,344.5
31/03/2006,347.75
03/04/2006,342
04/04/2006,342.75
05/04/2006,347
06/04/2006,352.5
07/04/2006,351.25
10/04/2006,361
11/04/2006,367.5
12/04/2006,360.5
13/04/2006,357.5
17/04/2006,349.5
18/04/2006,355
19/04/2006,354.75
20/04/2006,353
21/04/2006,352.75
24/04/2006,350.75
25/04/2006,350
26/04/2006,348.5
27/04/2006,342.5
28/04/2006,346.25
01/05/2006,353.25
02/05/2006,355.25
03/05/2006,354
04/05/2006,352.25
05/05/2006,361.25
08/05/2006,363.5
09/05/2006,375.5
10/05/2006,377.5
11/05/2006,382.5
12/05/2006,394
15/05/2006,399.5
16/05/2006,403.5
17/05/2006,423
18/05/2006,418.5
19/05/2006,416.25
22/05/2006,426.25
23/05/2006,419.75
24/05/2006,411.75
25/05/2006,409.5
26/05/2006,415.5
30/05/2006,412
31/05/2006,393.5
01/06/2006,392
02/06/2006,403.75
05/06/2006,398.5
06/06/2006,385
07/06/2006,387.75
08/06/2006,383.5
09/06/2006,372.5
12/06/2006,373.75
13/06/2006,369.75
14/06/2006,361.25
15/06/2006,361.5
16/06/2006,359
19/06/2006,358.5
20/06/2006,367
21/06/2006,372
22/06/2006,365.5
23/06/2006,363.25
26/06/2006,368.5
27/06/2006,378.25
28/06/2006,372
29/06/2006,374
30/06/2006,371.5
05/07/2006,386.5
06/07/2006,390
07/07/2006,381.5
10/07/2006,382.5
11/07/2006,398
12/07/2006,390
13/07/2006,376
14/07/2006,366
17/07/2006,393
18/07/2006,398
19/07/2006,393
20/07/2006,406.5
21/07/2006,407.25
24/07/2006,400.5
25/07/2006,393.25
26/07/2006,382
27/07/2006,387.75
28/07/2006,388.5
31/07/2006,397.5
01/08/2006,392.5
02/08/2006,401.5
03/08/2006,395.25
04/08/2006,396
07/08/2006,393
08/08/2006,384
09/08/2006,388
10/08/2006,386.5
11/08/2006,373.75
14/08/2006,374
15/08/2006,376.75
16/08/2006,371.5
17/08/2006,363.5
18/08/2006,364.5
21/08/2006,365.75
22/08/2006,359.75
23/08/2006,366
24/08/2006,375.5
25/08/2006,378.5
28/08/2006,384.75
29/08/2006,380.5
30/08/2006,397.5
31/08/2006,404
01/09/2006,401.25
05/09/2006,404
06/09/2006,399
07/09/2006,403.5
08/09/2006,400
11/09/2006,398
12/09/2006,388.75
13/09/2006,381.5
14/09/2006,377
15/09/2006,392.5
18/09/2006,395.5
19/09/2006,409
20/09/2006,407.75
21/09/2006,421.5
22/09/2006,419
25/09/2006,413.75
26/09/2006,423
27/09/2006,424.25
28/09/2006,445.5
29/09/2006,443
02/10/2006,446
03/10/2006,439.5
04/10/2006,465
05/10/2006,464
06/10/2006,464
09/10/2006,494
10/10/2006,501
11/10/2006,531
12/10/2006,515.5
13/10/2006,525.5
16/10/2006,542.5
17/10/2006,531
18/10/2006,512.5
19/10/2006,513
20/10/2006,505
23/10/2006,517
24/10/2006,522.5
25/10/2006,516.75
26/10/2006,507.5
27/10/2006,508.5
30/10/2006,501
31/10/2006,483
01/11/2006,487.5
02/11/2006,491.5
03/11/2006,492.5
06/11/2006,498
07/11/2006,497
08/11/2006,504
09/11/2006,488
10/11/2006,480.5
13/11/2006,477
14/11/2006,486.5
15/11/2006,481.5
16/11/2006,468.75
17/11/2006,474
20/11/2006,475
21/11/2006,479.75
22/11/2006,486.25
23/11/2006,486.25
27/11/2006,490.25
28/11/2006,487.25
29/11/2006,490.5
30/11/2006,502
01/12/2006,500
04/12/2006,499.5
05/12/2006,498
06/12/2006,475
07/12/2006,477.5
08/12/2006,469
11/12/2006,475
12/12/2006,465
13/12/2006,472.5
14/12/2006,477
15/12/2006,494.25
18/12/2006,487.5
19/12/2006,492
20/12/2006,493.75
21/12/2006,503.25
22/12/2006,514
26/12/2006,516.75
27/12/2006,507
28/12/2006,504.25
29/12/2006,501
03/01/2007,476.5
04/01/2007,467.5
05/01/2007,470.25
08/01/2007,464
09/01/2007,453
10/01/2007,449.5
11/01/2007,456.5
12/01/2007,479.5
16/01/2007,464
17/01/2007,477
18/01/2007,471
19/01/2007,467
22/01/2007,465
23/01/2007,480.25
24/01/2007,466
25/01/2007,468.75
26/01/2007,463.5
29/01/2007,456.5
30/01/2007,459.5
31/01/2007,467.5
01/02/2007,460.25
02/02/2007,461.25
05/02/2007,458.5
06/02/2007,451
07/02/2007,452
08/02/2007,457
09/02/2007,460.25
12/02/2007,455.75
13/02/2007,459
14/02/2007,451
15/02/2007,453.25
16/02/2007,468
20/02/2007,464.5
21/02/2007,476
22/02/2007,489.5
23/02/2007,484.25
26/02/2007,483
27/02/2007,470.25
28/02/2007,474.5
01/03/2007,468
02/03/2007,459.5
05/03/2007,468
06/03/2007,459.5
07/03/2007,466.5
08/03/2007,464
09/03/2007,465.5
12/03/2007,460
13/03/2007,456
14/03/2007,446
15/03/2007,455.5
16/03/2007,460.75
19/03/2007,455
20/03/2007,462.75
21/03/2007,465.5
22/03/2007,467
23/03/2007,461.5
26/03/2007,458
27/03/2007,454
28/03/2007,456.5
29/03/2007,461
30/03/2007,438
02/04/2007,428
03/04/2007,419
04/04/2007,431.25
05/04/2007,445
09/04/2007,447.5
10/04/2007,457.75
11/04/2007,456.25
12/04/2007,458
13/04/2007,478.5
16/04/2007,475.25
17/04/2007,477.5
18/04/2007,474.5
19/04/2007,496
20/04/2007,502
23/04/2007,494
24/04/2007,483.5
25/04/2007,506.25
26/04/2007,507
27/04/2007,500.5
30/04/2007,485.5
01/05/2007,488.5
02/05/2007,479.5
03/05/2007,481
04/05/2007,482
07/05/2007,482
08/05/2007,469
09/05/2007,471
10/05/2007,473
11/05/2007,483
14/05/2007,489
15/05/2007,502
16/05/2007,496.75
17/05/2007,485.5
18/05/2007,471.25
21/05/2007,479.5
22/05/2007,471
23/05/2007,476.5
24/05/2007,491
25/05/2007,501
29/05/2007,491
30/05/2007,510.75
31/05/2007,517
01/06/2007,520.75
04/06/2007,520.25
05/06/2007,527.25
06/06/2007,519.75
07/06/2007,524.5
08/06/2007,527.5
11/06/2007,556
12/06/2007,565
13/06/2007,589.5
14/06/2007,606.5
15/06/2007,606.5
18/06/2007,601
19/06/2007,581
20/06/2007,605
21/06/2007,606
22/06/2007,592.25
25/06/2007,589.5
26/06/2007,608.5
27/06/2007,606
28/06/2007,609
29/06/2007,582
02/07/2007,569.5
05/07/2007,591
06/07/2007,600.5
09/07/2007,588.5
10/07/2007,592
11/07/2007,611
12/07/2007,611.5
13/07/2007,614
16/07/2007,601.75
17/07/2007,601.25
18/07/2007,623.5
19/07/2007,620
20/07/2007,616.25
23/07/2007,620.25
24/07/2007,642
25/07/2007,634
26/07/2007,651
27/07/2007,653.25
30/07/2007,637.5
31/07/2007,630
01/08/2007,636
02/08/2007,641.75
03/08/2007,650
06/08/2007,664
07/08/2007,662.5
08/08/2007,679
09/08/2007,673.5
10/08/2007,667
13/08/2007,666.5
14/08/2007,692.5
15/08/2007,678.5
16/08/2007,673
17/08/2007,672
20/08/2007,675
21/08/2007,691.5
22/08/2007,718.5
23/08/2007,722.5
24/08/2007,725.75
27/08/2007,722.25
28/08/2007,720.5
29/08/2007,742
30/08/2007,770
31/08/2007,767
04/09/2007,807
05/09/2007,842.5
06/09/2007,816
07/09/2007,840
10/09/2007,849
11/09/2007,871
12/09/2007,840
13/09/2007,825.5
14/09/2007,838
17/09/2007,875
18/09/2007,869
19/09/2007,845
20/09/2007,850
21/09/2007,874
24/09/2007,877.75
25/09/2007,887.25
26/09/2007,917.25
27/09/2007,933
28/09/2007,939
01/10/2007,952.5
02/10/2007,922.5
03/10/2007,927
04/10/2007,906
05/10/2007,890
08/10/2007,860
09/10/2007,845.5
10/10/2007,853
11/10/2007,883
12/10/2007,857.5
15/10/2007,833.5
16/10/2007,828.5
17/10/2007,820.5
18/10/2007,825.5
19/10/2007,855.5
22/10/2007,871
23/10/2007,841
24/10/2007,811
25/10/2007,802
26/10/2007,800
29/10/2007,828.5
30/10/2007,814
31/10/2007,808
01/11/2007,778.25
02/11/2007,778.5
05/11/2007,785
06/11/2007,797
07/11/2007,787.75
08/11/2007,762
09/11/2007,762
12/11/2007,761
13/11/2007,748
14/11/2007,752.5
15/11/2007,765.5
16/11/2007,749.5
19/11/2007,756.25
20/11/2007,773.5
21/11/2007,803.5
26/11/2007,814
27/11/2007,829
28/11/2007,859
29/11/2007,869
30/11/2007,867
03/12/2007,855
04/12/2007,875
05/12/2007,863.75
06/12/2007,871
07/12/2007,903.5
10/12/2007,909
11/12/2007,894
12/12/2007,934
13/12/2007,934
14/12/2007,939
17/12/2007,966
18/12/2007,952
19/12/2007,973.5
20/12/2007,954
21/12/2007,949
26/12/2007,941.25
27/12/2007,915
28/12/2007,885
31/12/2007,885
02/01/2008,915
03/01/2008,945
04/01/2008,931.5
07/01/2008,903
08/01/2008,907.5
09/01/2008,889.5
10/01/2008,882.5
11/01/2008,909.25
14/01/2008,917
15/01/2008,932
16/01/2008,926.5
17/01/2008,940.5
18/01/2008,962.5
22/01/2008,934
23/01/2008,905
24/01/2008,909
25/01/2008,933
28/01/2008,963
29/01/2008,944
30/01/2008,922.5
31/01/2008,929.5
01/02/2008,943
04/02/2008,973
05/02/2008,1003
06/02/2008,1033
07/02/2008,1063
08/02/2008,1093
11/02/2008,1048
12/02/2008,1007
13/02/2008,991.5
14/02/2008,1032
15/02/2008,1027.5
19/02/2008,1036
20/02/2008,1020
21/02/2008,1029.5
22/02/2008,1049.5
25/02/2008,1109.5
26/02/2008,1199.5
27/02/2008,1280
28/02/2008,1169
29/02/2008,1073
03/03/2008,1093
04/03/2008,1077.5
05/03/2008,1096
06/03/2008,1114
07/03/2008,1092.5
10/03/2008,1140
11/03/2008,1240
12/03/2008,1270
13/03/2008,1234
14/03/2008,1160
17/03/2008,1131.5
18/03/2008,1164
19/03/2008,1074
20/03/2008,987.5
24/03/2008,1020
25/03/2008,1067.5
26/03/2008,1033
27/03/2008,1014
28/03/2008,989
31/03/2008,929
01/04/2008,895
02/04/2008,936.5
03/04/2008,937
04/04/2008,974.25
07/04/2008,921.25
08/04/2008,934
09/04/2008,934
10/04/2008,923
11/04/2008,896.5
14/04/2008,896
15/04/2008,895.75
16/04/2008,924.5
17/04/2008,913
18/04/2008,870
21/04/2008,845.75
22/04/2008,851.75
23/04/2008,817.75
24/04/2008,809.25
25/04/2008,800.5
28/04/2008,826
29/04/2008,794
30/04/2008,787.25
01/05/2008,776.5
02/05/2008,796
05/05/2008,792.5
06/05/2008,806
07/05/2008,795
08/05/2008,809
09/05/2008,791.5
12/05/2008,793.5
13/05/2008,785.5
14/05/2008,761
15/05/2008,771.5
16/05/2008,775.5
19/05/2008,791
20/05/2008,784
21/05/2008,778
22/05/2008,745
23/05/2008,752.5
27/05/2008,759
28/05/2008,759
29/05/2008,743.5
30/05/2008,761.5
02/06/2008,782.5
03/06/2008,750.5
04/06/2008,753
05/06/2008,785.5
06/06/2008,811
09/06/2008,788.5
10/06/2008,809
11/06/2008,869
12/06/2008,851
13/06/2008,882
16/06/2008,876.5
17/06/2008,898.25
18/06/2008,904
19/06/2008,881
20/06/2008,866.5
23/06/2008,866.25
24/06/2008,870
25/06/2008,901.75
26/06/2008,924
27/06/2008,895.5
30/06/2008,843.5
01/07/2008,849.75
02/07/2008,865.25
07/07/2008,822
08/07/2008,823.25
09/07/2008,814
10/07/2008,806.5
11/07/2008,819
14/07/2008,810
15/07/2008,811
16/07/2008,834
17/07/2008,809.5
18/07/2008,804
21/07/2008,791
22/07/2008,796.75
23/07/2008,783.25
24/07/2008,787.75
25/07/2008,811
28/07/2008,797.75
29/07/2008,792
30/07/2008,787.75
31/07/2008,783.75
01/08/2008,794
04/08/2008,758.75
05/08/2008,780
06/08/2008,765.75
07/08/2008,822.25
08/08/2008,765.25
11/08/2008,793.75
12/08/2008,790.25
13/08/2008,850.25
14/08/2008,864.5
15/08/2008,824.25
18/08/2008,859.75
19/08/2008,845.25
20/08/2008,874.75
21/08/2008,897.25
22/08/2008,865.5
25/08/2008,840.25
26/08/2008,830.5
27/08/2008,802.75
28/08/2008,789
29/08/2008,779.25
02/09/2008,744.25
03/09/2008,752.25
04/09/2008,755.25
05/09/2008,729.75
08/09/2008,722.75
09/09/2008,711.5
10/09/2008,706.75
11/09/2008,707.25
12/09/2008,703.75
15/09/2008,727
16/09/2008,690
17/09/2008,725.75
18/09/2008,692.75
19/09/2008,718
22/09/2008,737.75
23/09/2008,750.5
24/09/2008,730.25
25/09/2008,736.25
26/09/2008,716
29/09/2008,668
30/09/2008,680
01/10/2008,669.75
02/10/2008,636
03/10/2008,640.25
06/10/2008,595.25
07/10/2008,603.25
08/10/2008,608
09/10/2008,604.75
10/10/2008,563.5
13/10/2008,588.5
14/10/2008,573
15/10/2008,555.75
16/10/2008,555.25
17/10/2008,566.25
20/10/2008,563.5
21/10/2008,549
22/10/2008,517.75
23/10/2008,523
24/10/2008,516.25
27/10/2008,529.5
28/10/2008,514
29/10/2008,561.25
30/10/2008,538
31/10/2008,536.25
03/11/2008,562
04/11/2008,572.5
05/11/2008,537.25
06/11/2008,522.5
07/11/2008,521
10/11/2008,520
11/11/2008,523.25
12/11/2008,533
13/11/2008,538.25
14/11/2008,554.25
17/11/2008,533.75
18/11/2008,529.75
19/11/2008,527
20/11/2008,511.75
21/11/2008,499
24/11/2008,537.5
25/11/2008,534
26/11/2008,535.5
01/12/2008,509.75
02/12/2008,509.75
03/12/2008,500.75
04/12/2008,467.75
05/12/2008,457.75
08/12/2008,473
09/12/2008,472.25
10/12/2008,492.5
11/12/2008,491.25
12/12/2008,506.75
15/12/2008,520
16/12/2008,544
17/12/2008,557.5
18/12/2008,571.5
19/12/2008,563.25
22/12/2008,569
23/12/2008,575.25
26/12/2008,599.25
29/12/2008,592
30/12/2008,604.75
02/01/2009,611
05/01/2009,616.75
06/01/2009,643.5
07/01/2009,613.25
08/01/2009,612.5
09/01/2009,629.5
12/01/2009,569.75
13/01/2009,570.75
14/01/2009,574.25
15/01/2009,568.75
16/01/2009,578.25
20/01/2009,550
21/01/2009,571.75
22/01/2009,566.75
23/01/2009,582.75
26/01/2009,592.5
27/01/2009,584.75
28/01/2009,595.25
29/01/2009,578
30/01/2009,568
02/02/2009,563.75
03/02/2009,552.5
04/02/2009,542.25
05/02/2009,561.75
06/02/2009,557
09/02/2009,565
10/02/2009,556
11/02/2009,543.25
12/02/2009,538.75
13/02/2009,535.5
17/02/2009,515.5
18/02/2009,510.75
19/02/2009,519.5
20/02/2009,519.25
23/02/2009,510.5
24/02/2009,515.25
25/02/2009,524.75
26/02/2009,514
27/02/2009,510.5
02/03/2009,494.75
03/03/2009,490.25
04/03/2009,511.75
05/03/2009,504
06/03/2009,516.25
09/03/2009,513
10/03/2009,522.75
11/03/2009,498.75
12/03/2009,515.25
13/03/2009,506.5
16/03/2009,544.25
17/03/2009,552.5
18/03/2009,530
19/03/2009,555.25
20/03/2009,550.25
23/03/2009,549.25
24/03/2009,535
25/03/2009,508
26/03/2009,514.5
27/03/2009,507.25
30/03/2009,512.5
31/03/2009,532.75
01/04/2009,525.5
02/04/2009,550.5
03/04/2009,563.5
06/04/2009,557
07/04/2009,539.75
08/04/2009,532
09/04/2009,522
13/04/2009,523.25
14/04/2009,522.25
15/04/2009,515.25
16/04/2009,524.75
17/04/2009,523
20/04/2009,504.5
21/04/2009,509.5
22/04/2009,516.75
23/04/2009,529.25
24/04/2009,532.25
27/04/2009,508
28/04/2009,510.5
29/04/2009,520.75
30/04/2009,524.25
01/05/2009,557.25
04/05/2009,538.5
05/05/2009,541.5
06/05/2009,547.75
07/05/2009,559
08/05/2009,580.5
11/05/2009,580.5
12/05/2009,582.5
13/05/2009,578.75
14/05/2009,581.5
15/05/2009,577.5
18/05/2009,590.5
19/05/2009,588.75
20/05/2009,597.75
21/05/2009,593.5
22/05/2009,612.5
26/05/2009,612
27/05/2009,625.75
28/05/2009,630.5
29/05/2009,637.25
01/06/2009,674.5
02/06/2009,669.5
03/06/2009,617.5
04/06/2009,635.25
05/06/2009,623
08/06/2009,598
09/06/2009,613.75
10/06/2009,596
11/06/2009,594.75
12/06/2009,584.75
15/06/2009,575.25
16/06/2009,565.75
17/06/2009,566
18/06/2009,560.25
19/06/2009,555.25
22/06/2009,546
23/06/2009,546.75
24/06/2009,539.75
25/06/2009,533
26/06/2009,534.25
29/06/2009,528.5
30/06/2009,511.25
01/07/2009,506.25
02/07/2009,500.25
06/07/2009,490.5
07/07/2009,483.75
08/07/2009,488.5
09/07/2009,494.25
10/07/2009,491.75
13/07/2009,515.75
14/07/2009,501.75
15/07/2009,534.75
16/07/2009,533.25
17/07/2009,541.75
20/07/2009,542.25
21/07/2009,534.75
22/07/2009,522
23/07/2009,531.75
24/07/2009,516.25
27/07/2009,520.5
28/07/2009,516.25
29/07/2009,511.5
30/07/2009,516.25
31/07/2009,528.25
03/08/2009,549.25
04/08/2009,542.25
05/08/2009,528.75
06/08/2009,500.25
07/08/2009,489.5
10/08/2009,494.25
11/08/2009,485.25
12/08/2009,490.25
13/08/2009,481.5
14/08/2009,481.75
17/08/2009,471.75
18/08/2009,470.5
19/08/2009,466
20/08/2009,469
21/08/2009,460.25
24/08/2009,471.75
25/08/2009,471
26/08/2009,478.75
27/08/2009,475
28/08/2009,467
31/08/2009,471
01/09/2009,459.25
02/09/2009,457
03/09/2009,451.25
04/09/2009,444
08/09/2009,431.5
09/09/2009,429
10/09/2009,432.75
11/09/2009,441.75
14/09/2009,431
15/09/2009,470.5
16/09/2009,467.25
17/09/2009,461.75
18/09/2009,457.25
21/09/2009,456
22/09/2009,455.75
23/09/2009,460
24/09/2009,473
25/09/2009,449.75
28/09/2009,455.75
29/09/2009,447.5
30/09/2009,457.5
01/10/2009,452.75
02/10/2009,441.25
05/10/2009,442.75
06/10/2009,460.25
07/10/2009,463.25
08/10/2009,474
09/10/2009,468
12/10/2009,494.25
13/10/2009,511.25
14/10/2009,513
15/10/2009,505
16/10/2009,498.75
19/10/2009,517.75
20/10/2009,517.5
21/10/2009,542.5
22/10/2009,551.75
23/10/2009,547.75
26/10/2009,527
27/10/2009,503.25
28/10/2009,494.75
29/10/2009,503.75
30/10/2009,494.25
02/11/2009,516.75
03/11/2009,515.75
04/11/2009,521
05/11/2009,512.25
06/11/2009,497.25
09/11/2009,520
10/11/2009,523
11/11/2009,531.75
12/11/2009,531.75
13/11/2009,539
16/11/2009,562.25
17/11/2009,574.75
18/11/2009,566.25
19/11/2009,562.5
20/11/2009,559.75
23/11/2009,557.25
24/11/2009,533
25/11/2009,550.25
30/11/2009,567.5
01/12/2009,562.5
02/12/2009,554.5
03/12/2009,549.75
04/12/2009,536.75
07/12/2009,526.5
08/12/2009,519.25
09/12/2009,515
10/12/2009,517.75
11/12/2009,519.25
14/12/2009,525
15/12/2009,536.75
16/12/2009,537.25
17/12/2009,518.5
18/12/2009,528
21/12/2009,519.5
22/12/2009,523
23/12/2009,529
28/12/2009,550.75
29/12/2009,541
30/12/2009,544.75
31/12/2009,541.5
04/01/2010,557.75
05/01/2010,553
06/01/2010,567.25
07/01/2010,557.75
08/01/2010,568.5
11/01/2010,572.5
12/01/2010,535.75
13/01/2010,537
14/01/2010,527.75
15/01/2010,510
19/01/2010,500.5
20/01/2010,497.5
21/01/2010,499.5
22/01/2010,498.5
25/01/2010,498.25
26/01/2010,494
27/01/2010,483.75
28/01/2010,487
29/01/2010,474
01/02/2010,474.75
02/02/2010,487.25
03/02/2010,469
04/02/2010,475.75
05/02/2010,473.25
08/02/2010,484
09/02/2010,482.25
10/02/2010,496.75
11/02/2010,493.5
12/02/2010,486.5
16/02/2010,505
17/02/2010,494.75
18/02/2010,485
19/02/2010,489.75
22/02/2010,501.25
23/02/2010,491.75
24/02/2010,500.25
25/02/2010,489.75
26/02/2010,506.5
01/03/2010,492.75
02/03/2010,492
03/03/2010,503.5
04/03/2010,490.5
05/03/2010,482.25
08/03/2010,484.5
09/03/2010,478.5
10/03/2010,470.75
11/03/2010,468.5
12/03/2010,472.25
15/03/2010,479.25
16/03/2010,487
17/03/2010,496
18/03/2010,489.25
19/03/2010,483.75
22/03/2010,486.5
23/03/2010,476.75
24/03/2010,476
25/03/2010,466.5
26/03/2010,464.75
29/03/2010,464.75
30/03/2010,472
31/03/2010,450.5
01/04/2010,454.75
05/04/2010,453.5
06/04/2010,463.5
07/04/2010,475.25
08/04/2010,469.25
09/04/2010,465.75
12/04/2010,467.75
13/04/2010,476
14/04/2010,474.75
15/04/2010,480.25
16/04/2010,490.5
19/04/2010,467.75
20/04/2010,486
21/04/2010,487.25
22/04/2010,498.5
23/04/2010,493.25
26/04/2010,476
27/04/2010,478.25
28/04/2010,476.25
29/04/2010,484.5
30/04/2010,491.75
03/05/2010,490
04/05/2010,499.75
05/05/2010,501
06/05/2010,497.25
07/05/2010,500.25
10/05/2010,482.5
11/05/2010,483.75
12/05/2010,482.75
13/05/2010,471
14/05/2010,463.5
17/05/2010,469
18/05/2010,467.75
19/05/2010,469.25
20/05/2010,469.75
21/05/2010,472
24/05/2010,467.5
25/05/2010,460.5
26/05/2010,461.75
27/05/2010,467.75
28/05/2010,457.75
01/06/2010,450.75
02/06/2010,442.5
03/06/2010,441.75
04/06/2010,435.75
07/06/2010,432.25
08/06/2010,432.25
09/06/2010,428
10/06/2010,433.25
11/06/2010,440.75
14/06/2010,451.5
15/06/2010,451.75
16/06/2010,461.25
17/06/2010,462.75
18/06/2010,461.75
21/06/2010,462
22/06/2010,460.75
23/06/2010,462.25
24/06/2010,463
25/06/2010,456.25
28/06/2010,449.5
29/06/2010,442
30/06/2010,464.75
01/07/2010,484
02/07/2010,487.75
06/07/2010,492.75
07/07/2010,515.75
08/07/2010,534
09/07/2010,523.5
12/07/2010,521.25
13/07/2010,535.75
14/07/2010,548.25
15/07/2010,596.25
16/07/2010,587.25
19/07/2010,582.25
20/07/2010,577
21/07/2010,588.25
22/07/2010,596.5
23/07/2010,596.25
26/07/2010,589.5
27/07/2010,595
28/07/2010,615.5
29/07/2010,627.5
30/07/2010,661.5
02/08/2010,693.25
03/08/2010,680
04/08/2010,725.75
05/08/2010,785.75
06/08/2010,725.75
09/08/2010,712.5
10/08/2010,694.75
11/08/2010,694.75
12/08/2010,713
13/08/2010,702.5
16/08/2010,663.75
17/08/2010,651
18/08/2010,656
19/08/2010,681.25
20/08/2010,679
23/08/2010,692.25
24/08/2010,674.75
25/08/2010,647.75
26/08/2010,656.5
27/08/2010,662.5
30/08/2010,671.25
31/08/2010,652.5
01/09/2010,675.5
02/09/2010,680.75
03/09/2010,708.25
07/09/2010,702.5
08/09/2010,678.75
09/09/2010,706.75
10/09/2010,704.75
13/09/2010,713.75
14/09/2010,704.5
15/09/2010,726.75
16/09/2010,719.25
17/09/2010,739.25
20/09/2010,731.75
21/09/2010,718
22/09/2010,719.75
23/09/2010,697.25
24/09/2010,720
27/09/2010,706.5
28/09/2010,684.75
29/09/2010,683.5
30/09/2010,674
01/10/2010,655
04/10/2010,647.25
05/10/2010,663.5
06/10/2010,658.25
07/10/2010,659.25
08/10/2010,719.25
11/10/2010,709.25
12/10/2010,710
13/10/2010,702.75
14/10/2010,700.75
15/10/2010,704.5
18/10/2010,690
19/10/2010,671.5
20/10/2010,683
21/10/2010,668.75
22/10/2010,670.75
25/10/2010,674
26/10/2010,692
27/10/2010,702.75
28/10/2010,718.25
29/10/2010,717.25
01/11/2010,702.5
02/11/2010,694.25
03/11/2010,690.25
04/11/2010,713.75
05/11/2010,728.75
08/11/2010,736.25
09/11/2010,721.75
10/11/2010,710
11/11/2010,704
12/11/2010,669.25
15/11/2010,672.75
16/11/2010,626.25
17/11/2010,632.5
18/11/2010,645.25
19/11/2010,644.5
22/11/2010,645.5
23/11/2010,642
24/11/2010,647.5
29/11/2010,650.25
30/11/2010,650.25
01/12/2010,697.5
02/12/2010,706.5
03/12/2010,738
06/12/2010,752
07/12/2010,743
08/12/2010,742
09/12/2010,748.25
10/12/2010,735.5
13/12/2010,740.25
14/12/2010,721
15/12/2010,764.75
16/12/2010,749.75
17/12/2010,756.75
20/12/2010,769.5
21/12/2010,765
22/12/2010,783.5
23/12/2010,783
27/12/2010,780.25
28/12/2010,798.25
29/12/2010,799.25
30/12/2010,784.75
31/12/2010,794.25
03/01/2011,805.5
04/01/2011,789.25
05/01/2011,808.25
06/01/2011,789
07/01/2011,774
10/01/2011,767.25
11/01/2011,759.5
12/01/2011,770.5
13/01/2011,783.5
14/01/2011,773.25
18/01/2011,793.25
19/01/2011,797.25
20/01/2011,803.5
21/01/2011,824.5
24/01/2011,835.25
25/01/2011,838.25
26/01/2011,856.5
27/01/2011,846.25
28/01/2011,825.75
31/01/2011,840.75
01/02/2011,835.75
02/02/2011,863
03/02/2011,859
04/02/2011,853.75
07/02/2011,858.75
08/02/2011,874.25
09/02/2011,886
10/02/2011,862.75
11/02/2011,867
14/02/2011,872
15/02/2011,840.25
16/02/2011,837
17/02/2011,850.75
18/02/2011,822.25
22/02/2011,762.25
23/02/2011,763
24/02/2011,747.25
25/02/2011,776.5
28/02/2011,782.5
01/03/2011,775.75
02/03/2011,776.75
03/03/2011,790.5
04/03/2011,800.5
07/03/2011,769
08/03/2011,751.25
09/03/2011,732.25
10/03/2011,714
11/03/2011,695
14/03/2011,700.5
15/03/2011,667.75
16/03/2011,662
17/03/2011,710.25
18/03/2011,723
21/03/2011,721
22/03/2011,722.25
23/03/2011,714.25
24/03/2011,739.5
25/03/2011,733.25
28/03/2011,725.25
29/03/2011,737.25
30/03/2011,727.25
31/03/2011,763.25
01/04/2011,759.5
04/04/2011,790
05/04/2011,786.25
06/04/2011,782.25
07/04/2011,773.25
08/04/2011,797.5
11/04/2011,798.25
12/04/2011,759.5
13/04/2011,752.75
14/04/2011,740.5
15/04/2011,744.25
18/04/2011,775
19/04/2011,785.75
20/04/2011,785
21/04/2011,799.5
25/04/2011,826
26/04/2011,811.25
27/04/2011,777
28/04/2011,743
29/04/2011,769.25
02/05/2011,759.75
03/05/2011,760.75
04/05/2011,741
05/05/2011,722.5
06/05/2011,724.5
09/05/2011,759.25
10/05/2011,769
11/05/2011,727.75
12/05/2011,700.5
13/05/2011,696
16/05/2011,736.5
17/05/2011,764
18/05/2011,817
19/05/2011,812
20/05/2011,806.5
23/05/2011,803
24/05/2011,779.75
25/05/2011,796.5
26/05/2011,814.5
27/05/2011,819.75
31/05/2011,782.25
01/06/2011,759.25
02/06/2011,769.75
03/06/2011,773.75
06/06/2011,744
07/06/2011,733.75
08/06/2011,748
09/06/2011,745
10/06/2011,759.25
13/06/2011,743
14/06/2011,731.25
15/06/2011,708.5
16/06/2011,673.25
17/06/2011,672.25
20/06/2011,659.25
21/06/2011,674.25
22/06/2011,638.25
23/06/2011,649
24/06/2011,635.75
27/06/2011,622.75
28/06/2011,640.25
29/06/2011,641.25
30/06/2011,584.75
01/07/2011,584.5
05/07/2011,613.75
06/07/2011,611.25
07/07/2011,624.5
08/07/2011,650.5
11/07/2011,636
12/07/2011,662.75
13/07/2011,702
14/07/2011,691.25
15/07/2011,694.75
18/07/2011,689.5
19/07/2011,693.5
20/07/2011,697
21/07/2011,677.25
22/07/2011,692.25
25/07/2011,688.5
26/07/2011,694
27/07/2011,704.75
28/07/2011,693.25
29/07/2011,672.5
01/08/2011,676.5
02/08/2011,718
03/08/2011,710.5
04/08/2011,681.75
05/08/2011,679
08/08/2011,656.5
09/08/2011,671.75
10/08/2011,685
11/08/2011,701.25
12/08/2011,702.5
15/08/2011,712.5
16/08/2011,724.75
17/08/2011,727.5
18/08/2011,707.75
19/08/2011,730.75
22/08/2011,735.5
23/08/2011,757.25
24/08/2011,749.25
25/08/2011,757.25
26/08/2011,762.25
29/08/2011,757.25
30/08/2011,750.25
31/08/2011,745.25
01/09/2011,715.5
02/09/2011,730
06/09/2011,716.25
07/09/2011,714.75
08/09/2011,709.25
09/09/2011,701
12/09/2011,699.75
13/09/2011,688.75
14/09/2011,701.75
15/09/2011,696
16/09/2011,688.25
19/09/2011,673
20/09/2011,674.75
21/09/2011,666.75
22/09/2011,633.75
23/09/2011,640.75
26/09/2011,648.25
27/09/2011,658.25
28/09/2011,638.75
29/09/2011,654.25
30/09/2011,609.25
03/10/2011,619.5
04/10/2011,604
05/10/2011,625.25
06/10/2011,616
07/10/2011,607.5
10/10/2011,611.5
11/10/2011,660.75
12/10/2011,626.75
13/10/2011,618
14/10/2011,622.75
17/10/2011,624.25
18/10/2011,625.25
19/10/2011,619.5
20/10/2011,630.75
21/10/2011,632
24/10/2011,642.5
25/10/2011,636.25
26/10/2011,619.5
27/10/2011,644
28/10/2011,644.5
31/10/2011,628.25
01/11/2011,630
02/11/2011,623.5
03/11/2011,636
04/11/2011,636.75
07/11/2011,638.75
08/11/2011,657
09/11/2011,643
10/11/2011,620
11/11/2011,616.75
14/11/2011,615.75
15/11/2011,632.75
16/11/2011,616.75
17/11/2011,592.5
18/11/2011,598.25
21/11/2011,591.5
22/11/2011,594
23/11/2011,579.25
28/11/2011,574.75
29/11/2011,594.5
30/11/2011,595.75
01/12/2011,602
02/12/2011,612.25
05/12/2011,598.75
06/12/2011,598.75
07/12/2011,583
08/12/2011,576.75
09/12/2011,573.5
12/12/2011,575.5
13/12/2011,591.75
14/12/2011,588
15/12/2011,579.25
16/12/2011,583.75
19/12/2011,599.75
20/12/2011,607.75
21/12/2011,617
22/12/2011,621.75
23/12/2011,622
27/12/2011,644.75
28/12/2011,651.25
29/12/2011,645.25
30/12/2011,652.75
03/01/2012,657
04/01/2012,650
05/01/2012,629.25
06/01/2012,624.75
09/01/2012,641.75
10/01/2012,639.75
11/01/2012,641
12/01/2012,605
13/01/2012,602.25
17/01/2012,604.75
18/01/2012,592.25
19/01/2012,605.75
20/01/2012,610.5
23/01/2012,619.75
24/01/2012,633.5
25/01/2012,641.25
26/01/2012,653.5
27/01/2012,647.25
30/01/2012,644.75
31/01/2012,666
01/02/2012,674.25
02/02/2012,662.75
03/02/2012,660.75
06/02/2012,668.5
07/02/2012,662.25
08/02/2012,660.75
09/02/2012,646
10/02/2012,630
13/02/2012,641.25
14/02/2012,635
15/02/2012,626
16/02/2012,628.75
17/02/2012,644
21/02/2012,633
22/02/2012,644.5
23/02/2012,641.75
24/02/2012,641
27/02/2012,645.75
28/02/2012,662.25
29/02/2012,664.25
01/03/2012,659.25
02/03/2012,670.75
05/03/2012,667.75
06/03/2012,654
07/03/2012,633
08/03/2012,630.5
09/03/2012,638.75
12/03/2012,652.75
13/03/2012,651.5
14/03/2012,651.75
15/03/2012,664.75
16/03/2012,672
19/03/2012,652.25
20/03/2012,642.5
21/03/2012,636.25
22/03/2012,646.25
23/03/2012,654.25
26/03/2012,659.5
27/03/2012,639.75
28/03/2012,630.75
29/03/2012,612.5
30/03/2012,660.75
02/04/2012,657
03/04/2012,658
04/04/2012,639.25
05/04/2012,638.5
09/04/2012,643
10/04/2012,625.75
11/04/2012,628
12/04/2012,639.25
13/04/2012,623.5
16/04/2012,616.25
17/04/2012,615.5
18/04/2012,610.75
19/04/2012,624.75
20/04/2012,615.75
23/04/2012,625
24/04/2012,624.5
25/04/2012,616.5
26/04/2012,626
27/04/2012,642.25
30/04/2012,647.75
01/05/2012,633.75
02/05/2012,607
03/05/2012,608.25
04/05/2012,603.75
07/05/2012,606.25
08/05/2012,609
09/05/2012,591.25
10/05/2012,594.75
11/05/2012,592.75
14/05/2012,597.75
15/05/2012,608.5
16/05/2012,638.75
17/05/2012,657.75
18/05/2012,695.25
21/05/2012,704
22/05/2012,685.5
23/05/2012,665.5
24/05/2012,663
25/05/2012,680
29/05/2012,656.75
30/05/2012,653.75
31/05/2012,643.75
01/06/2012,612.25
04/06/2012,627.75
05/06/2012,613.25
06/06/2012,624.25
07/06/2012,641.75
08/06/2012,630.25
11/06/2012,630.5
12/06/2012,616
13/06/2012,616
14/06/2012,623.5
15/06/2012,609.5
18/06/2012,630.25
19/06/2012,649.5
20/06/2012,664
21/06/2012,661.75
22/06/2012,673.25
25/06/2012,724.25
26/06/2012,729
27/06/2012,732
28/06/2012,726
29/06/2012,739
02/07/2012,754.5
05/07/2012,822.5
06/07/2012,791.25
09/07/2012,810.75
10/07/2012,804.75
11/07/2012,807.75
12/07/2012,832.75
13/07/2012,842
16/07/2012,884.5
17/07/2012,885
18/07/2012,903.25
19/07/2012,935
20/07/2012,943.25
23/07/2012,912.75
24/07/2012,878.75
25/07/2012,903.25
26/07/2012,884
27/07/2012,898
30/07/2012,914.5
31/07/2012,888.25
01/08/2012,879.5
02/08/2012,865
03/08/2012,891.25
06/08/2012,893.25
07/08/2012,889
08/08/2012,899.25
09/08/2012,913
10/08/2012,885.25
13/08/2012,856.75
14/08/2012,839.75
15/08/2012,846.75
16/08/2012,861.75
17/08/2012,874.5
20/08/2012,879.5
21/08/2012,900.5
22/08/2012,896.5
23/08/2012,874.5
24/08/2012,867.5
27/08/2012,862
28/08/2012,854.75
29/08/2012,885.5
30/08/2012,883.5
31/08/2012,870
04/09/2012,866
05/09/2012,845.75
06/09/2012,872
07/09/2012,884.75
10/09/2012,868.25
11/09/2012,860
12/09/2012,867
13/09/2012,879
14/09/2012,897.5
17/09/2012,878
18/09/2012,863.5
19/09/2012,881.5
20/09/2012,879.5
21/09/2012,897.25
24/09/2012,892
25/09/2012,886.5
26/09/2012,869.25
27/09/2012,855.5
28/09/2012,902.5
01/10/2012,884.25
02/10/2012,871.5
03/10/2012,873
04/10/2012,869.25
05/10/2012,857.5
08/10/2012,861
09/10/2012,864.25
10/10/2012,869.75
11/10/2012,886
12/10/2012,856.75
15/10/2012,848.25
16/10/2012,847.75
17/10/2012,856.25
18/10/2012,868.5
19/10/2012,872.5
22/10/2012,878.25
23/10/2012,868.75
24/10/2012,884
25/10/2012,872.75
26/10/2012,863.75
31/10/2012,864.5
01/11/2012,868.5
02/11/2012,864.5
05/11/2012,866
06/11/2012,877
07/11/2012,894
08/11/2012,902.5
09/11/2012,886.5
12/11/2012,857.75
13/11/2012,851
14/11/2012,848.75
15/11/2012,845.5
16/11/2012,838
19/11/2012,841.75
20/11/2012,845
21/11/2012,845.25
26/11/2012,849
27/11/2012,873
28/11/2012,876
29/11/2012,869.25
30/11/2012,844.75
03/12/2012,842
04/12/2012,838.5
05/12/2012,842.25
06/12/2012,845.25
07/12/2012,844.25
10/12/2012,832.75
11/12/2012,805.75
12/12/2012,794.75
13/12/2012,793
14/12/2012,801
17/12/2012,808
18/12/2012,811.25
19/12/2012,805.75
20/12/2012,790.5
21/12/2012,792
26/12/2012,774.5
27/12/2012,772.25
28/12/2012,778.75
31/12/2012,778
02/01/2013,755.25
03/01/2013,755.5
04/01/2013,747.25
07/01/2013,751.25
08/01/2013,750.5
09/01/2013,745.5
10/01/2013,744.5
11/01/2013,754.75
14/01/2013,767
15/01/2013,782.75
16/01/2013,785
17/01/2013,781.25
18/01/2013,791.25
22/01/2013,779.25
23/01/2013,774.75
24/01/2013,768.5
25/01/2013,776.5
28/01/2013,779.25
29/01/2013,777
30/01/2013,787
31/01/2013,779.5
01/02/2013,765
04/02/2013,763
05/02/2013,757.5
06/02/2013,761.5
07/02/2013,756
08/02/2013,756.25
11/02/2013,741.5
12/02/2013,732
13/02/2013,735.5
14/02/2013,732
15/02/2013,742.25
19/02/2013,732.25
20/02/2013,738.5
21/02/2013,721.25
22/02/2013,715
25/02/2013,699.25
26/02/2013,705.75
27/02/2013,704.25
28/02/2013,707.75
01/03/2013,713.25
04/03/2013,696
05/03/2013,696.25
06/03/2013,676.25
07/03/2013,686.75
08/03/2013,690
11/03/2013,694
12/03/2013,700.5
13/03/2013,707.25
14/03/2013,714.25
15/03/2013,723
18/03/2013,712.75
19/03/2013,722
20/03/2013,736
21/03/2013,728.75
22/03/2013,729.75
25/03/2013,727.25
26/03/2013,731.5
27/03/2013,736.75
28/03/2013,687.75
01/04/2013,664
02/04/2013,670.75
03/04/2013,696.5
04/04/2013,694
05/04/2013,699
08/04/2013,712.5
09/04/2013,708.75
10/04/2013,696.75
11/04/2013,697.75
12/04/2013,714.75
15/04/2013,693.75
16/04/2013,703.5
17/04/2013,703.75
18/04/2013,702.75
19/04/2013,709
22/04/2013,702.25
23/04/2013,697.5
24/04/2013,691.75
25/04/2013,701.25
26/04/2013,688.75
29/04/2013,709.75
30/04/2013,721.75
01/05/2013,710.5
02/05/2013,718.75
03/05/2013,711.25
06/05/2013,693
07/05/2013,699.5
08/05/2013,696.75
09/05/2013,716.25
10/05/2013,696.75
13/05/2013,701.5
14/05/2013,701.5
15/05/2013,693.75
16/05/2013,687.75
17/05/2013,683.25
20/05/2013,685.25
21/05/2013,680.5
22/05/2013,688.5
23/05/2013,703.25
24/05/2013,697.5
28/05/2013,693.75
29/05/2013,702.75
30/05/2013,698.75
31/05/2013,705.5
03/06/2013,708.75
04/06/2013,709
05/06/2013,701.5
06/06/2013,697.75
07/06/2013,696.25
10/06/2013,689.75
11/06/2013,696.75
12/06/2013,683
13/06/2013,685.5
14/06/2013,680.75
17/06/2013,680.5
18/06/2013,687.5
19/06/2013,707
20/06/2013,700.5
21/06/2013,698
24/06/2013,679
25/06/2013,675.75
26/06/2013,667
27/06/2013,663.5
28/06/2013,648.5
01/07/2013,645.75
02/07/2013,649.5
05/07/2013,656
08/07/2013,660
09/07/2013,675.5
10/07/2013,672
11/07/2013,679.25
12/07/2013,675.5
15/07/2013,669.5
16/07/2013,669.5
17/07/2013,665
18/07/2013,660.5
19/07/2013,664.5
22/07/2013,659.75
23/07/2013,653.75
24/07/2013,653.25
25/07/2013,649.25
26/07/2013,650.25
29/07/2013,651.5
30/07/2013,655.25
31/07/2013,664.25
01/08/2013,658
02/08/2013,660.5
05/08/2013,645.25
06/08/2013,650.5
07/08/2013,643.5
08/08/2013,641.25
09/08/2013,633.5
12/08/2013,635
13/08/2013,628.25
14/08/2013,630.5
15/08/2013,637.5
16/08/2013,631
19/08/2013,641.5
20/08/2013,634.25
21/08/2013,638.75
22/08/2013,630.5
23/08/2013,634.5
26/08/2013,654.75
27/08/2013,650.75
28/08/2013,646.5
29/08/2013,641.25
30/08/2013,643.25
03/09/2013,636.5
04/09/2013,634.25
05/09/2013,627.25
06/09/2013,635
09/09/2013,628.75
10/09/2013,633.75
11/09/2013,635
12/09/2013,641.75
13/09/2013,627.75
16/09/2013,641.25
17/09/2013,643
18/09/2013,646.5
19/09/2013,657
20/09/2013,646.25
23/09/2013,653.5
24/09/2013,658.25
25/09/2013,670.5
26/09/2013,678.25
27/09/2013,683
30/09/2013,678.5
01/10/2013,681.25
02/10/2013,686
03/10/2013,689.25
04/10/2013,687
07/10/2013,694.75
08/10/2013,693.5
09/10/2013,690.5
10/10/2013,685.5
11/10/2013,692.25
14/10/2013,692.5
15/10/2013,685.75
16/10/2013,681.5
17/10/2013,686
18/10/2013,705.75
21/10/2013,699.75
22/10/2013,700.75
23/10/2013,701.75
24/10/2013,696.5
25/10/2013,690.75
28/10/2013,681
29/10/2013,681.25
30/10/2013,675
31/10/2013,667.5
01/11/2013,667.75
04/11/2013,662.75
05/11/2013,656
06/11/2013,653.25
07/11/2013,653
08/11/2013,649.75
11/11/2013,646.25
12/11/2013,645.25
13/11/2013,645.5
14/11/2013,644.75
15/11/2013,644.5
18/11/2013,642.25
19/11/2013,650.25
20/11/2013,647.25
21/11/2013,648.75
22/11/2013,649.5
25/11/2013,652.5
26/11/2013,646.5
27/11/2013,651.25
02/12/2013,649.75
03/12/2013,653.75
04/12/2013,647.25
05/12/2013,638
06/12/2013,637.25
09/12/2013,639
10/12/2013,629.5
11/12/2013,630.25
12/12/2013,622.5
13/12/2013,618.25
16/12/2013,621.75
17/12/2013,619.75
18/12/2013,612.75
19/12/2013,610.75
20/12/2013,613.5
23/12/2013,609.5
26/12/2013,606
27/12/2013,609
30/12/2013,600.5
31/12/2013,605.25
02/01/2014,597
03/01/2014,605.75
06/01/2014,605.75
07/01/2014,602.5
08/01/2014,588.75
09/01/2014,584.25
10/01/2014,569
13/01/2014,573.5
14/01/2014,579.25
15/01/2014,567.75
16/01/2014,572.75
17/01/2014,563.5
21/01/2014,562.25
22/01/2014,561.25
23/01/2014,570
24/01/2014,565.25
27/01/2014,563.5
28/01/2014,566
29/01/2014,551.5
30/01/2014,553.5
31/01/2014,555.75
03/02/2014,563.75
04/02/2014,584.5
05/02/2014,587.5
06/02/2014,580.75
07/02/2014,577.5
10/02/2014,584.75
11/02/2014,590.25
12/02/2014,587
13/02/2014,595.5
14/02/2014,598.5
18/02/2014,612
19/02/2014,620.25
20/02/2014,616.25
21/02/2014,609.75
24/02/2014,617.75
25/02/2014,615
26/02/2014,600
27/02/2014,582.25
28/02/2014,599
03/03/2014,626.75
04/03/2014,639.75
05/03/2014,637.25
06/03/2014,641.5
07/03/2014,646.25
10/03/2014,645
11/03/2014,663.25
12/03/2014,688
13/03/2014,679
14/03/2014,690.25
17/03/2014,674.5
18/03/2014,692.5
19/03/2014,715.75
20/03/2014,703.75
21/03/2014,693.25
24/03/2014,714.5
25/03/2014,708.25
26/03/2014,696.75
27/03/2014,710.5
28/03/2014,695.5
31/03/2014,697.25
01/04/2014,685.25
02/04/2014,669.25
03/04/2014,676
04/04/2014,669.75
07/04/2014,676.25
08/04/2014,681
09/04/2014,669
10/04/2014,662.25
11/04/2014,660.25
14/04/2014,678.75
15/04/2014,701.75
16/04/2014,688
17/04/2014,691.25
21/04/2014,668.25
22/04/2014,673
23/04/2014,676.5
24/04/2014,689
25/04/2014,700.25
28/04/2014,700.25
29/04/2014,708
30/04/2014,713
01/05/2014,698.75
02/05/2014,707.75
05/05/2014,721.25
06/05/2014,731.75
07/05/2014,729.75
08/05/2014,726.75
09/05/2014,714
12/05/2014,705.5
13/05/2014,700
14/05/2014,681
15/05/2014,678.25
16/05/2014,674.25
19/05/2014,674.5
20/05/2014,670.5
21/05/2014,664.25
22/05/2014,659.25
23/05/2014,652.5
27/05/2014,641
28/05/2014,638.75
29/05/2014,632.5
30/05/2014,627.25
02/06/2014,620.75
03/06/2014,612.5
04/06/2014,614.5
05/06/2014,605.75
06/06/2014,618.25
09/06/2014,612.5
10/06/2014,601.25
11/06/2014,589.25
12/06/2014,585.25
13/06/2014,586
16/06/2014,581
17/06/2014,581.75
18/06/2014,587
19/06/2014,593.5
20/06/2014,585.25
23/06/2014,579.75
24/06/2014,571
25/06/2014,575.5
26/06/2014,582.25
27/06/2014,585.25
30/06/2014,564.75
01/07/2014,559.75
02/07/2014,561.75
07/07/2014,545
08/07/2014,545.25
09/07/2014,539.5
10/07/2014,536.75
11/07/2014,514.75
14/07/2014,549.75
15/07/2014,537.75
16/07/2014,538
17/07/2014,550.75
18/07/2014,532.25
21/07/2014,530
22/07/2014,524.5
23/07/2014,530.75
24/07/2014,528.75
25/07/2014,538
28/07/2014,534.75
29/07/2014,520
30/07/2014,527.25
31/07/2014,530.25
01/08/2014,534.25
04/08/2014,544
05/08/2014,552.5
06/08/2014,568
07/08/2014,561.5
08/08/2014,549.25
11/08/2014,546.5
12/08/2014,538
13/08/2014,528
14/08/2014,537.25
15/08/2014,551.25
18/08/2014,542.5
19/08/2014,546
20/08/2014,539.5
21/08/2014,546.25
22/08/2014,552
25/08/2014,542.5
26/08/2014,541.5
27/08/2014,547.25
28/08/2014,556.5
29/08/2014,550.25
02/09/2014,543.5
03/09/2014,523.5
04/09/2014,525.25
05/09/2014,531.5
08/09/2014,533.5
09/09/2014,527.5
10/09/2014,518.75
11/09/2014,503
12/09/2014,498.25
15/09/2014,500.75
16/09/2014,496.25
17/09/2014,499.25
18/09/2014,488.5
19/09/2014,474.5
22/09/2014,476.75
23/09/2014,476
24/09/2014,480.25
25/09/2014,474
26/09/2014,474.25
29/09/2014,481.25
30/09/2014,477.75
01/10/2014,479
02/10/2014,482.75
03/10/2014,485.75
06/10/2014,491.5
07/10/2014,506.25
08/10/2014,507.75
09/10/2014,493.25
10/10/2014,498.5
13/10/2014,505.25
14/10/2014,509.25
15/10/2014,506
16/10/2014,517
17/10/2014,516
20/10/2014,513.5
21/10/2014,519.25
22/10/2014,522.25
23/10/2014,526.75
24/10/2014,517.75
27/10/2014,522.75
28/10/2014,530.75
29/10/2014,538.25
30/10/2014,536
31/10/2014,532.5
03/11/2014,538.25
04/11/2014,530.5
05/11/2014,524.75
06/11/2014,520.25
07/11/2014,514.5
10/11/2014,517.25
11/11/2014,525.25
12/11/2014,542.75
13/11/2014,553.75
14/11/2014,560.5
17/11/2014,551.75
18/11/2014,549
19/11/2014,537.75
20/11/2014,547.25
21/11/2014,547.25
24/11/2014,542.25
25/11/2014,551.5
26/11/2014,562
01/12/2014,606.75
02/12/2014,605.25
03/12/2014,597
04/12/2014,599.75
05/12/2014,609
08/12/2014,610
09/12/2014,600.5
10/12/2014,593.25
11/12/2014,610.25
12/12/2014,627.5
15/12/2014,619
16/12/2014,623.25
17/12/2014,648.5
18/12/2014,655.25
19/12/2014,632.25
22/12/2014,625.75
23/12/2014,635.5
26/12/2014,610.75
29/12/2014,615.5
30/12/2014,602
31/12/2014,589.75
02/01/2015,581.25
05/01/2015,589
06/01/2015,591.75
07/01/2015,579.5
08/01/2015,567
09/01/2015,563.75
12/01/2015,555.5
13/01/2015,548
14/01/2015,537.75
15/01/2015,532.75
16/01/2015,532.75
20/01/2015,537
21/01/2015,536.75
22/01/2015,533.75
23/01/2015,530
26/01/2015,520.5
27/01/2015,519
28/01/2015,505.25
29/01/2015,507.75
30/01/2015,502.75
02/02/2015,492.75
03/02/2015,513.75
04/02/2015,511
05/02/2015,525.75
06/02/2015,527
09/02/2015,529.75
10/02/2015,521.75
11/02/2015,525.75
12/02/2015,521.25
13/02/2015,533
17/02/2015,534.75
18/02/2015,527.75
19/02/2015,527.75
20/02/2015,510.25
23/02/2015,505.75
24/02/2015,505.75
25/02/2015,497.75
26/02/2015,503.25
27/02/2015,517.5
02/03/2015,508
03/03/2015,508.75
04/03/2015,493.5
05/03/2015,481.25
06/03/2015,485.75
09/03/2015,494.25
10/03/2015,496.5
11/03/2015,503
12/03/2015,513.25
13/03/2015,508.75
16/03/2015,514
17/03/2015,503.5
18/03/2015,510.75
19/03/2015,512
20/03/2015,530
23/03/2015,534
24/03/2015,523.5
25/03/2015,519
26/03/2015,499.25
27/03/2015,507.75
30/03/2015,530.25
31/03/2015,511.75
01/04/2015,528.5
02/04/2015,536.25
06/04/2015,527.75
07/04/2015,526
08/04/2015,526.25
09/04/2015,518.75
10/04/2015,526.5
13/04/2015,502.25
14/04/2015,497
15/04/2015,490.75
16/04/2015,494.5
17/04/2015,494.5
20/04/2015,498.75
21/04/2015,500.75
22/04/2015,498.75
23/04/2015,497.75
24/04/2015,486
27/04/2015,470.25
28/04/2015,471.5
29/04/2015,477.25
30/04/2015,467
01/05/2015,470
04/05/2015,469.25
05/05/2015,464
06/05/2015,475.75
07/05/2015,465.75
08/05/2015,476.5
11/05/2015,476.25
12/05/2015,479.25
13/05/2015,481
14/05/2015,501.75
15/05/2015,511
18/05/2015,521.75
19/05/2015,510.25
20/05/2015,513
21/05/2015,522
22/05/2015,515.25
26/05/2015,493.5
27/05/2015,487.75
28/05/2015,488.75
29/05/2015,477
01/06/2015,493.75
02/06/2015,512.5
03/06/2015,510.75
04/06/2015,523.75
05/06/2015,517
08/06/2015,528
09/06/2015,532.25
10/06/2015,513.5
11/06/2015,504.25
12/06/2015,503.75
15/06/2015,489.25
16/06/2015,488.75
17/06/2015,491.25
18/06/2015,488
19/06/2015,488.5
22/06/2015,501.25
23/06/2015,521.5
24/06/2015,518
25/06/2015,532
26/06/2015,562.25
29/06/2015,580.5
30/06/2015,614.75
01/07/2015,587.5
02/07/2015,585.75
06/07/2015,588.5
07/07/2015,579.5
08/07/2015,572.25
09/07/2015,572.25
10/07/2015,581.5
13/07/2015,586.75
14/07/2015,583.5
15/07/2015,566.75
16/07/2015,562.25
17/07/2015,554
20/07/2015,532.75
21/07/2015,524.75
22/07/2015,516.75
23/07/2015,521.5
24/07/2015,511.75
27/07/2015,502.5
28/07/2015,510.75
29/07/2015,496.25
30/07/2015,496.5
31/07/2015,499.25
03/08/2015,499
04/08/2015,493.5
05/08/2015,502
06/08/2015,507
07/08/2015,510.5
10/08/2015,525.5
11/08/2015,507.25
12/08/2015,492.25
13/08/2015,503.25
14/08/2015,506.5
17/08/2015,500.5
18/08/2015,494.25
19/08/2015,496.25
20/08/2015,506.25
21/08/2015,499.5
24/08/2015,503.25
25/08/2015,495
26/08/2015,489.75
27/08/2015,484.25
28/08/2015,477
31/08/2015,482.5
01/09/2015,484
02/09/2015,473
03/09/2015,456.5
04/09/2015,457.75
08/09/2015,465.25
09/09/2015,462
10/09/2015,468
11/09/2015,475.5
14/09/2015,485.75
15/09/2015,494.75
16/09/2015,488.25
17/09/2015,481.5
18/09/2015,486.75
21/09/2015,496.75
22/09/2015,495.5
23/09/2015,507.5
24/09/2015,497.25
25/09/2015,507.75
28/09/2015,505.5
29/09/2015,503.75
30/09/2015,512.75
01/10/2015,518.25
02/10/2015,513.25
05/10/2015,515.5
06/10/2015,526.25
07/10/2015,516.75
08/10/2015,511.5
09/10/2015,509.25
12/10/2015,506.75
13/10/2015,519
14/10/2015,508.25
15/10/2015,502.5
16/10/2015,492.25
19/10/2015,485.75
20/10/2015,491.25
21/10/2015,494.75
22/10/2015,490.75
23/10/2015,490.5
26/10/2015,509
27/10/2015,509.25
28/10/2015,506
29/10/2015,515
30/10/2015,522
02/11/2015,508
03/11/2015,516.5
04/11/2015,526.25
05/11/2015,526.25
06/11/2015,523.25
09/11/2015,501.75
10/11/2015,490.75
11/11/2015,494.75
12/11/2015,498
13/11/2015,495.75
16/11/2015,494
17/11/2015,487.5
18/11/2015,483.25
19/11/2015,490.75
20/11/2015,488.5
23/11/2015,495
24/11/2015,484.25
25/11/2015,479.25
27/11/2015,465.75
30/11/2015,460
01/12/2015,456.5
02/12/2015,452.25
03/12/2015,464.75
04/12/2015,471.25
07/12/2015,470.25
08/12/2015,470.75
09/12/2015,478
10/12/2015,484.5
11/12/2015,482.75
14/12/2015,487.75
15/12/2015,494.25
16/12/2015,483.5
17/12/2015,484
18/12/2015,486.75
21/12/2015,479
22/12/2015,471.75
23/12/2015,469.5
24/12/2015,467.5
28/12/2015,466.5
29/12/2015,475.75
30/12/2015,469.75
31/12/2015,470
04/01/2016,458.25
05/01/2016,461.25
06/01/2016,462.75
07/01/2016,468.5
08/01/2016,478.5
11/01/2016,469
12/01/2016,481.25
13/01/2016,478
14/01/2016,468.75
15/01/2016,473.75
19/01/2016,474.5
20/01/2016,471.5
21/01/2016,475
22/01/2016,475.5
25/01/2016,481.5
26/01/2016,484.75
27/01/2016,476.5
28/01/2016,472.25
29/01/2016,479.25
01/02/2016,475.25
02/02/2016,475.25
03/02/2016,480
04/02/2016,472.75
05/02/2016,466.75
08/02/2016,458.5
09/02/2016,457.5
10/02/2016,461.25
11/02/2016,458.25
12/02/2016,457.5
16/02/2016,464.25
17/02/2016,468.5
18/02/2016,462.25
19/02/2016,461.75
22/02/2016,458.5
23/02/2016,448
24/02/2016,442.75
25/02/2016,445.25
26/02/2016,443.25
29/02/2016,445
01/03/2016,438.5
02/03/2016,442.75
03/03/2016,453.25
04/03/2016,454.75
07/03/2016,457.75
08/03/2016,461.25
09/03/2016,463.75
10/03/2016,471.5
11/03/2016,469.75
14/03/2016,471.5
15/03/2016,477.25
16/03/2016,470.75
17/03/2016,462.5
18/03/2016,463
21/03/2016,466.5
22/03/2016,466.75
23/03/2016,463
24/03/2016,463
28/03/2016,471
29/03/2016,476.75
30/03/2016,464
31/03/2016,473.5
01/04/2016,475.75
04/04/2016,474.75
05/04/2016,474
06/04/2016,463
07/04/2016,457
08/04/2016,460.25
11/04/2016,447.25
12/04/2016,452.5
13/04/2016,461.5
14/04/2016,459.75
15/04/2016,459.75
18/04/2016,472.75
19/04/2016,486.25
20/04/2016,504.25
21/04/2016,495.75
22/04/2016,467
25/04/2016,471.25
26/04/2016,479.75
27/04/2016,474.25
28/04/2016,475.5
29/04/2016,478
02/05/2016,477
03/05/2016,459.75
04/05/2016,460.5
05/05/2016,453
06/05/2016,453.25
09/05/2016,447
10/05/2016,451.5
11/05/2016,449.5
12/05/2016,458.5
13/05/2016,465
16/05/2016,474.75
17/05/2016,481.75
18/05/2016,480
19/05/2016,468.75
20/05/2016,467.75
23/05/2016,462
24/05/2016,464
25/05/2016,466
26/05/2016,481.25
27/05/2016,481.5
31/05/2016,464.5
01/06/2016,473.75
02/06/2016,485.5
03/06/2016,497.25
06/06/2016,507.5
07/06/2016,509
08/06/2016,519.5
09/06/2016,510.25
10/06/2016,495
13/06/2016,491.25
14/06/2016,485
15/06/2016,477.5
16/06/2016,472.5
17/06/2016,481.25
20/06/2016,473
21/06/2016,458.5
22/06/2016,458.75
23/06/2016,454.25
24/06/2016,454.75
27/06/2016,446.75
28/06/2016,443.75
29/06/2016,429.5
30/06/2016,431.25
01/07/2016,416.25
05/07/2016,419.5
06/07/2016,415.75
07/07/2016,412
08/07/2016,420.75
11/07/2016,416.25
12/07/2016,424
13/07/2016,426.25
14/07/2016,421.75
15/07/2016,424.75
18/07/2016,429.5
19/07/2016,418
20/07/2016,413
21/07/2016,417.75
22/07/2016,425.25
25/07/2016,429
26/07/2016,415
27/07/2016,414.75
28/07/2016,410.25
29/07/2016,407.75
01/08/2016,406
02/08/2016,401.25
03/08/2016,410.25
04/08/2016,403.25
05/08/2016,416
08/08/2016,417
09/08/2016,417
10/08/2016,421.75
11/08/2016,416.25
12/08/2016,422.5
15/08/2016,422
16/08/2016,423.5
17/08/2016,426
18/08/2016,427
19/08/2016,427
22/08/2016,415.25
23/08/2016,407.75
24/08/2016,404
25/08/2016,401.25
26/08/2016,383.5
29/08/2016,370.5
30/08/2016,363.25
31/08/2016,361
01/09/2016,368.25
02/09/2016,373.25
06/09/2016,371
07/09/2016,375.25
08/09/2016,377
09/09/2016,376
12/09/2016,383.25
13/09/2016,374.75
14/09/2016,376.75
15/09/2016,399.5
16/09/2016,403.25
19/09/2016,404
20/09/2016,406
21/09/2016,407.75
22/09/2016,405.5
23/09/2016,404.75
26/09/2016,396
27/09/2016,404
28/09/2016,403.25
29/09/2016,399
30/09/2016,402
03/10/2016,395.5
04/10/2016,395.5
05/10/2016,405
06/10/2016,395.75
07/10/2016,394.75
11/10/2016,407.25
12/10/2016,396.75
13/10/2016,416
14/10/2016,421
17/10/2016,423.75
18/10/2016,420
19/10/2016,420.25
20/10/2016,417
21/10/2016,414.5
24/10/2016,402.5
25/10/2016,404.25
26/10/2016,411.5
27/10/2016,414.5
28/10/2016,408.5
31/10/2016,416.25
01/11/2016,414.25
02/11/2016,417.75
03/11/2016,412
04/11/2016,414.25
07/11/2016,410
08/11/2016,415.25
09/11/2016,406.75
10/11/2016,404.75
14/11/2016,394
15/11/2016,399
16/11/2016,397
17/11/2016,403
18/11/2016,408
21/11/2016,410.25
22/11/2016,407.25
23/11/2016,401.5
25/11/2016,395.75
28/11/2016,389.5
29/11/2016,384
30/11/2016,380.5
01/12/2016,371.5
02/12/2016,387.5
05/12/2016,389.25
06/12/2016,389.5
07/12/2016,386.25
08/12/2016,390.75
09/12/2016,400.25
12/12/2016,401.25
13/12/2016,398
14/12/2016,391.5
15/12/2016,409.25
16/12/2016,409.25
19/12/2016,405
20/12/2016,403.25
21/12/2016,399.5
22/12/2016,397
23/12/2016,393.5
27/12/2016,409.5
28/12/2016,401.5
29/12/2016,404.75
30/12/2016,408
03/01/2017,406.5
04/01/2017,418.5
05/01/2017,426.25
06/01/2017,423.25
09/01/2017,427.25
10/01/2017,426.75
11/01/2017,418.75
12/01/2017,426.25
13/01/2017,426
17/01/2017,433.5
18/01/2017,431
19/01/2017,423.5
20/01/2017,428.25
23/01/2017,433.25
24/01/2017,426.75
25/01/2017,424.5
26/01/2017,427
27/01/2017,420.5
30/01/2017,414
31/01/2017,420.75
01/02/2017,433.75
02/02/2017,434.5
03/02/2017,430.25
06/02/2017,422.5
07/02/2017,430.75
08/02/2017,432.5
09/02/2017,443.5
10/02/2017,449
13/02/2017,452.25
14/02/2017,449.5
15/02/2017,454.75
16/02/2017,447.75
17/02/2017,441
21/02/2017,436
22/02/2017,441.25
23/02/2017,438
24/02/2017,431.25
27/02/2017,418.75
28/02/2017,424.75
01/03/2017,435.5
02/03/2017,432
03/03/2017,433.75
06/03/2017,438.25
07/03/2017,436
08/03/2017,427.5
09/03/2017,426
10/03/2017,422.75
13/03/2017,412.25
14/03/2017,412
15/03/2017,436
16/03/2017,436
17/03/2017,436.25
20/03/2017,430.25
21/03/2017,426.5
22/03/2017,422.25
23/03/2017,421
24/03/2017,424.75
27/03/2017,420.75
28/03/2017,424.5
29/03/2017,425.5
30/03/2017,421
31/03/2017,426.5
03/04/2017,427.75
04/04/2017,427
05/04/2017,429.75
06/04/2017,423.25
07/04/2017,424
10/04/2017,428.75
11/04/2017,433.25
12/04/2017,433.25
13/04/2017,429.75
17/04/2017,421
18/04/2017,422.5
19/04/2017,419
20/04/2017,406.25
21/04/2017,405
24/04/2017,402.5
25/04/2017,408.75
26/04/2017,407.75
27/04/2017,413.5
28/04/2017,418.5
01/05/2017,442.75
02/05/2017,441.5
03/05/2017,443
04/05/2017,426
05/05/2017,427.5
08/05/2017,418
09/05/2017,421.75
10/05/2017,424
11/05/2017,426
12/05/2017,425
15/05/2017,423.25
16/05/2017,424.25
17/05/2017,427
18/05/2017,425.75
19/05/2017,435.25
22/05/2017,434.25
23/05/2017,429.5
24/05/2017,432.5
25/05/2017,430.75
26/05/2017,438.25
30/05/2017,429.5
31/05/2017,429.25
01/06/2017,429
02/06/2017,429.5
05/06/2017,429.5
06/06/2017,435.75
07/06/2017,444.75
08/06/2017,449.25
09/06/2017,445.75
12/06/2017,434
13/06/2017,445
14/06/2017,443
15/06/2017,453.75
16/06/2017,465.25
19/06/2017,467
20/06/2017,472.5
21/06/2017,464.5
22/06/2017,461.25
23/06/2017,459.75
26/06/2017,450
27/06/2017,453.25
28/06/2017,457.25
29/06/2017,480.25
30/06/2017,511
05/07/2017,539.25
06/07/2017,519
07/07/2017,515.25
10/07/2017,530.5
11/07/2017,535.5
12/07/2017,522.5
13/07/2017,495.5
14/07/2017,494.75
17/07/2017,506
18/07/2017,503.75
19/07/2017,503
20/07/2017,505.75
21/07/2017,499.25
24/07/2017,488.75
25/07/2017,474
26/07/2017,477.75
27/07/2017,479.75
28/07/2017,481
31/07/2017,474.5
01/08/2017,461.25
02/08/2017,460.75
03/08/2017,457.75
04/08/2017,454.75
07/08/2017,463.5
08/08/2017,457
09/08/2017,459.5
10/08/2017,440.5
11/08/2017,439.25
14/08/2017,441
15/08/2017,429.5
16/08/2017,419.25
17/08/2017,414
18/08/2017,416
21/08/2017,409.5
22/08/2017,402.25
23/08/2017,403.25
24/08/2017,409
25/08/2017,409.5
28/08/2017,400
29/08/2017,402.75
30/08/2017,403.5
31/08/2017,410.25
01/09/2017,420.5
05/09/2017,430.5
06/09/2017,421.75
07/09/2017,413.5
08/09/2017,413.75
11/09/2017,412.25
12/09/2017,419.5
13/09/2017,420.75
14/09/2017,428.25
15/09/2017,449
18/09/2017,443.5
19/09/2017,443
20/09/2017,449.75
21/09/2017,452.5
22/09/2017,449.5
25/09/2017,454
26/09/2017,453.75
27/09/2017,461.5
28/09/2017,455
29/09/2017,448.25
02/10/2017,444.75
03/10/2017,448
04/10/2017,442
05/10/2017,440.75
06/10/2017,443.5
09/10/2017,436
10/10/2017,435.25
11/10/2017,433.25
12/10/2017,430.5
13/10/2017,439.5
16/10/2017,436.5
17/10/2017,434.75
18/10/2017,430
19/10/2017,432.75
20/10/2017,426
23/10/2017,436.75
24/10/2017,438
25/10/2017,435.5
26/10/2017,431.75
27/10/2017,427.25
30/10/2017,424.75
31/10/2017,418.5
01/11/2017,418
02/11/2017,426
03/11/2017,425.75
06/11/2017,430.75
07/11/2017,427.25
08/11/2017,426.75
09/11/2017,429
10/11/2017,431.5
13/11/2017,424.25
14/11/2017,428
15/11/2017,420
16/11/2017,421.5
17/11/2017,427.25
20/11/2017,422
21/11/2017,424.75
22/11/2017,422.75
27/11/2017,409.5
28/11/2017,410.75
29/11/2017,416.5
30/11/2017,409.25
01/12/2017,414.5
04/12/2017,410.25
05/12/2017,406
06/12/2017,398.5
07/12/2017,394.25
08/12/2017,392
11/12/2017,387.75
12/12/2017,387.25
13/12/2017,392.25
14/12/2017,395
15/12/2017,418.25
18/12/2017,420.5
19/12/2017,419.5
20/12/2017,423.5
21/12/2017,427
22/12/2017,424.75
26/12/2017,422.25
27/12/2017,428
28/12/2017,427.75
29/12/2017,427
